-- Filing Box local seed data for Supabase.
-- Generated from data/*.ts. Do not store PDF bodies in the database.

begin;

insert into public.companies (id, market, symbol, code, name, display_name, exchange) values ('apple', 'US', 'AAPL', null, 'Apple Inc.', 'Apple Inc.', 'NASDAQ') on conflict (id) do update set market = excluded.market, symbol = excluded.symbol, code = excluded.code, name = excluded.name, display_name = excluded.display_name, exchange = excluded.exchange;
insert into public.companies (id, market, symbol, code, name, display_name, exchange) values ('microsoft', 'US', 'MSFT', null, 'Microsoft Corporation', 'Microsoft Corporation', 'NASDAQ') on conflict (id) do update set market = excluded.market, symbol = excluded.symbol, code = excluded.code, name = excluded.name, display_name = excluded.display_name, exchange = excluded.exchange;
insert into public.companies (id, market, symbol, code, name, display_name, exchange) values ('nvidia', 'US', 'NVDA', null, 'NVIDIA Corporation', 'NVIDIA Corporation', 'NASDAQ') on conflict (id) do update set market = excluded.market, symbol = excluded.symbol, code = excluded.code, name = excluded.name, display_name = excluded.display_name, exchange = excluded.exchange;
insert into public.companies (id, market, symbol, code, name, display_name, exchange) values ('tesla', 'US', 'TSLA', null, 'Tesla, Inc.', 'Tesla, Inc.', 'NASDAQ') on conflict (id) do update set market = excluded.market, symbol = excluded.symbol, code = excluded.code, name = excluded.name, display_name = excluded.display_name, exchange = excluded.exchange;
insert into public.companies (id, market, symbol, code, name, display_name, exchange) values ('kweichow-moutai', 'CN', '600519', '600519', '贵州茅台酒股份有限公司', '贵州茅台', 'SSE') on conflict (id) do update set market = excluded.market, symbol = excluded.symbol, code = excluded.code, name = excluded.name, display_name = excluded.display_name, exchange = excluded.exchange;
insert into public.companies (id, market, symbol, code, name, display_name, exchange) values ('catl', 'CN', '300750', '300750', '宁德时代新能源科技股份有限公司', '宁德时代', 'SZSE') on conflict (id) do update set market = excluded.market, symbol = excluded.symbol, code = excluded.code, name = excluded.name, display_name = excluded.display_name, exchange = excluded.exchange;
insert into public.companies (id, market, symbol, code, name, display_name, exchange) values ('east-money', 'CN', '300059', '300059', '东方财富信息股份有限公司', '东方财富', 'SZSE') on conflict (id) do update set market = excluded.market, symbol = excluded.symbol, code = excluded.code, name = excluded.name, display_name = excluded.display_name, exchange = excluded.exchange;
insert into public.companies (id, market, symbol, code, name, display_name, exchange) values ('byd', 'CN', '002594', '002594', '比亚迪股份有限公司', '比亚迪', 'SZSE') on conflict (id) do update set market = excluded.market, symbol = excluded.symbol, code = excluded.code, name = excluded.name, display_name = excluded.display_name, exchange = excluded.exchange;
insert into public.companies (id, market, symbol, code, name, display_name, exchange) values ('cmb', 'CN', '600036', '600036', '招商银行股份有限公司', '招商银行', 'SSE') on conflict (id) do update set market = excluded.market, symbol = excluded.symbol, code = excluded.code, name = excluded.name, display_name = excluded.display_name, exchange = excluded.exchange;
insert into public.companies (id, market, symbol, code, name, display_name, exchange) values ('amazon', 'US', 'AMZN', null, 'Amazon.com, Inc.', 'Amazon.com, Inc.', 'NASDAQ') on conflict (id) do update set market = excluded.market, symbol = excluded.symbol, code = excluded.code, name = excluded.name, display_name = excluded.display_name, exchange = excluded.exchange;
insert into public.companies (id, market, symbol, code, name, display_name, exchange) values ('alphabet', 'US', 'GOOGL', null, 'Alphabet Inc.', 'Alphabet Inc.', 'NASDAQ') on conflict (id) do update set market = excluded.market, symbol = excluded.symbol, code = excluded.code, name = excluded.name, display_name = excluded.display_name, exchange = excluded.exchange;
insert into public.companies (id, market, symbol, code, name, display_name, exchange) values ('meta', 'US', 'META', null, 'Meta Platforms, Inc.', 'Meta Platforms, Inc.', 'NASDAQ') on conflict (id) do update set market = excluded.market, symbol = excluded.symbol, code = excluded.code, name = excluded.name, display_name = excluded.display_name, exchange = excluded.exchange;

insert into public.company_aliases (company_id, alias, language, alias_type, normalized_alias) values ('apple', 'AAPL', 'en', 'ticker', 'aapl') on conflict (company_id, normalized_alias) do update set alias = excluded.alias, language = excluded.language, alias_type = excluded.alias_type;
insert into public.company_aliases (company_id, alias, language, alias_type, normalized_alias) values ('apple', 'Apple', 'en', 'short_name', 'apple') on conflict (company_id, normalized_alias) do update set alias = excluded.alias, language = excluded.language, alias_type = excluded.alias_type;
insert into public.company_aliases (company_id, alias, language, alias_type, normalized_alias) values ('apple', 'Apple Inc.', 'en', 'official_name', 'appleinc') on conflict (company_id, normalized_alias) do update set alias = excluded.alias, language = excluded.language, alias_type = excluded.alias_type;
insert into public.company_aliases (company_id, alias, language, alias_type, normalized_alias) values ('apple', '苹果', 'zh', 'common_name', '苹果') on conflict (company_id, normalized_alias) do update set alias = excluded.alias, language = excluded.language, alias_type = excluded.alias_type;
insert into public.company_aliases (company_id, alias, language, alias_type, normalized_alias) values ('apple', '苹果公司', 'zh', 'common_name', '苹果公司') on conflict (company_id, normalized_alias) do update set alias = excluded.alias, language = excluded.language, alias_type = excluded.alias_type;
insert into public.company_aliases (company_id, alias, language, alias_type, normalized_alias) values ('apple', '苹果电脑', 'zh', 'common_name', '苹果电脑') on conflict (company_id, normalized_alias) do update set alias = excluded.alias, language = excluded.language, alias_type = excluded.alias_type;
insert into public.company_aliases (company_id, alias, language, alias_type, normalized_alias) values ('microsoft', 'MSFT', 'en', 'ticker', 'msft') on conflict (company_id, normalized_alias) do update set alias = excluded.alias, language = excluded.language, alias_type = excluded.alias_type;
insert into public.company_aliases (company_id, alias, language, alias_type, normalized_alias) values ('microsoft', 'Microsoft', 'en', 'short_name', 'microsoft') on conflict (company_id, normalized_alias) do update set alias = excluded.alias, language = excluded.language, alias_type = excluded.alias_type;
insert into public.company_aliases (company_id, alias, language, alias_type, normalized_alias) values ('microsoft', 'Microsoft Corporation', 'en', 'official_name', 'microsoftcorporation') on conflict (company_id, normalized_alias) do update set alias = excluded.alias, language = excluded.language, alias_type = excluded.alias_type;
insert into public.company_aliases (company_id, alias, language, alias_type, normalized_alias) values ('microsoft', '微软', 'zh', 'common_name', '微软') on conflict (company_id, normalized_alias) do update set alias = excluded.alias, language = excluded.language, alias_type = excluded.alias_type;
insert into public.company_aliases (company_id, alias, language, alias_type, normalized_alias) values ('microsoft', '微软公司', 'zh', 'common_name', '微软公司') on conflict (company_id, normalized_alias) do update set alias = excluded.alias, language = excluded.language, alias_type = excluded.alias_type;
insert into public.company_aliases (company_id, alias, language, alias_type, normalized_alias) values ('nvidia', 'NVDA', 'en', 'ticker', 'nvda') on conflict (company_id, normalized_alias) do update set alias = excluded.alias, language = excluded.language, alias_type = excluded.alias_type;
insert into public.company_aliases (company_id, alias, language, alias_type, normalized_alias) values ('nvidia', 'NVIDIA', 'en', 'short_name', 'nvidia') on conflict (company_id, normalized_alias) do update set alias = excluded.alias, language = excluded.language, alias_type = excluded.alias_type;
insert into public.company_aliases (company_id, alias, language, alias_type, normalized_alias) values ('nvidia', 'NVIDIA Corporation', 'en', 'official_name', 'nvidiacorporation') on conflict (company_id, normalized_alias) do update set alias = excluded.alias, language = excluded.language, alias_type = excluded.alias_type;
insert into public.company_aliases (company_id, alias, language, alias_type, normalized_alias) values ('nvidia', '英伟达', 'zh', 'common_name', '英伟达') on conflict (company_id, normalized_alias) do update set alias = excluded.alias, language = excluded.language, alias_type = excluded.alias_type;
insert into public.company_aliases (company_id, alias, language, alias_type, normalized_alias) values ('nvidia', '英伟达公司', 'zh', 'common_name', '英伟达公司') on conflict (company_id, normalized_alias) do update set alias = excluded.alias, language = excluded.language, alias_type = excluded.alias_type;
insert into public.company_aliases (company_id, alias, language, alias_type, normalized_alias) values ('nvidia', '辉达', 'zh', 'common_name', '辉达') on conflict (company_id, normalized_alias) do update set alias = excluded.alias, language = excluded.language, alias_type = excluded.alias_type;
insert into public.company_aliases (company_id, alias, language, alias_type, normalized_alias) values ('tesla', 'TSLA', 'en', 'ticker', 'tsla') on conflict (company_id, normalized_alias) do update set alias = excluded.alias, language = excluded.language, alias_type = excluded.alias_type;
insert into public.company_aliases (company_id, alias, language, alias_type, normalized_alias) values ('tesla', 'Tesla', 'en', 'short_name', 'tesla') on conflict (company_id, normalized_alias) do update set alias = excluded.alias, language = excluded.language, alias_type = excluded.alias_type;
insert into public.company_aliases (company_id, alias, language, alias_type, normalized_alias) values ('tesla', 'Tesla Inc', 'en', 'official_name', 'teslainc') on conflict (company_id, normalized_alias) do update set alias = excluded.alias, language = excluded.language, alias_type = excluded.alias_type;
insert into public.company_aliases (company_id, alias, language, alias_type, normalized_alias) values ('tesla', '特斯拉', 'zh', 'common_name', '特斯拉') on conflict (company_id, normalized_alias) do update set alias = excluded.alias, language = excluded.language, alias_type = excluded.alias_type;
insert into public.company_aliases (company_id, alias, language, alias_type, normalized_alias) values ('tesla', '特斯拉公司', 'zh', 'common_name', '特斯拉公司') on conflict (company_id, normalized_alias) do update set alias = excluded.alias, language = excluded.language, alias_type = excluded.alias_type;
insert into public.company_aliases (company_id, alias, language, alias_type, normalized_alias) values ('kweichow-moutai', '600519', 'zh', 'code', '600519') on conflict (company_id, normalized_alias) do update set alias = excluded.alias, language = excluded.language, alias_type = excluded.alias_type;
insert into public.company_aliases (company_id, alias, language, alias_type, normalized_alias) values ('kweichow-moutai', '贵州茅台', 'zh', 'short_name', '贵州茅台') on conflict (company_id, normalized_alias) do update set alias = excluded.alias, language = excluded.language, alias_type = excluded.alias_type;
insert into public.company_aliases (company_id, alias, language, alias_type, normalized_alias) values ('kweichow-moutai', '贵州茅台酒股份有限公司', 'zh', 'official_name', '贵州茅台酒股份有限公司') on conflict (company_id, normalized_alias) do update set alias = excluded.alias, language = excluded.language, alias_type = excluded.alias_type;
insert into public.company_aliases (company_id, alias, language, alias_type, normalized_alias) values ('kweichow-moutai', '茅台', 'zh', 'common_name', '茅台') on conflict (company_id, normalized_alias) do update set alias = excluded.alias, language = excluded.language, alias_type = excluded.alias_type;
insert into public.company_aliases (company_id, alias, language, alias_type, normalized_alias) values ('catl', '300750', 'zh', 'code', '300750') on conflict (company_id, normalized_alias) do update set alias = excluded.alias, language = excluded.language, alias_type = excluded.alias_type;
insert into public.company_aliases (company_id, alias, language, alias_type, normalized_alias) values ('catl', '宁德时代', 'zh', 'short_name', '宁德时代') on conflict (company_id, normalized_alias) do update set alias = excluded.alias, language = excluded.language, alias_type = excluded.alias_type;
insert into public.company_aliases (company_id, alias, language, alias_type, normalized_alias) values ('catl', '宁德时代新能源科技股份有限公司', 'zh', 'official_name', '宁德时代新能源科技股份有限公司') on conflict (company_id, normalized_alias) do update set alias = excluded.alias, language = excluded.language, alias_type = excluded.alias_type;
insert into public.company_aliases (company_id, alias, language, alias_type, normalized_alias) values ('catl', 'CATL', 'en', 'short_name', 'catl') on conflict (company_id, normalized_alias) do update set alias = excluded.alias, language = excluded.language, alias_type = excluded.alias_type;
insert into public.company_aliases (company_id, alias, language, alias_type, normalized_alias) values ('east-money', '300059', 'zh', 'code', '300059') on conflict (company_id, normalized_alias) do update set alias = excluded.alias, language = excluded.language, alias_type = excluded.alias_type;
insert into public.company_aliases (company_id, alias, language, alias_type, normalized_alias) values ('east-money', '东方财富', 'zh', 'short_name', '东方财富') on conflict (company_id, normalized_alias) do update set alias = excluded.alias, language = excluded.language, alias_type = excluded.alias_type;
insert into public.company_aliases (company_id, alias, language, alias_type, normalized_alias) values ('east-money', '东方财富信息股份有限公司', 'zh', 'official_name', '东方财富信息股份有限公司') on conflict (company_id, normalized_alias) do update set alias = excluded.alias, language = excluded.language, alias_type = excluded.alias_type;
insert into public.company_aliases (company_id, alias, language, alias_type, normalized_alias) values ('east-money', '东财', 'zh', 'common_name', '东财') on conflict (company_id, normalized_alias) do update set alias = excluded.alias, language = excluded.language, alias_type = excluded.alias_type;
insert into public.company_aliases (company_id, alias, language, alias_type, normalized_alias) values ('byd', '002594', 'zh', 'code', '002594') on conflict (company_id, normalized_alias) do update set alias = excluded.alias, language = excluded.language, alias_type = excluded.alias_type;
insert into public.company_aliases (company_id, alias, language, alias_type, normalized_alias) values ('byd', '比亚迪', 'zh', 'short_name', '比亚迪') on conflict (company_id, normalized_alias) do update set alias = excluded.alias, language = excluded.language, alias_type = excluded.alias_type;
insert into public.company_aliases (company_id, alias, language, alias_type, normalized_alias) values ('byd', '比亚迪股份有限公司', 'zh', 'official_name', '比亚迪股份有限公司') on conflict (company_id, normalized_alias) do update set alias = excluded.alias, language = excluded.language, alias_type = excluded.alias_type;
insert into public.company_aliases (company_id, alias, language, alias_type, normalized_alias) values ('byd', 'BYD', 'en', 'short_name', 'byd') on conflict (company_id, normalized_alias) do update set alias = excluded.alias, language = excluded.language, alias_type = excluded.alias_type;
insert into public.company_aliases (company_id, alias, language, alias_type, normalized_alias) values ('cmb', '600036', 'zh', 'code', '600036') on conflict (company_id, normalized_alias) do update set alias = excluded.alias, language = excluded.language, alias_type = excluded.alias_type;
insert into public.company_aliases (company_id, alias, language, alias_type, normalized_alias) values ('cmb', '招商银行', 'zh', 'short_name', '招商银行') on conflict (company_id, normalized_alias) do update set alias = excluded.alias, language = excluded.language, alias_type = excluded.alias_type;
insert into public.company_aliases (company_id, alias, language, alias_type, normalized_alias) values ('cmb', '招商银行股份有限公司', 'zh', 'official_name', '招商银行股份有限公司') on conflict (company_id, normalized_alias) do update set alias = excluded.alias, language = excluded.language, alias_type = excluded.alias_type;
insert into public.company_aliases (company_id, alias, language, alias_type, normalized_alias) values ('cmb', '招行', 'zh', 'common_name', '招行') on conflict (company_id, normalized_alias) do update set alias = excluded.alias, language = excluded.language, alias_type = excluded.alias_type;
insert into public.company_aliases (company_id, alias, language, alias_type, normalized_alias) values ('amazon', 'AMZN', 'en', 'ticker', 'amzn') on conflict (company_id, normalized_alias) do update set alias = excluded.alias, language = excluded.language, alias_type = excluded.alias_type;
insert into public.company_aliases (company_id, alias, language, alias_type, normalized_alias) values ('amazon', 'Amazon', 'en', 'short_name', 'amazon') on conflict (company_id, normalized_alias) do update set alias = excluded.alias, language = excluded.language, alias_type = excluded.alias_type;
insert into public.company_aliases (company_id, alias, language, alias_type, normalized_alias) values ('amazon', 'Amazon.com', 'en', 'short_name', 'amazoncom') on conflict (company_id, normalized_alias) do update set alias = excluded.alias, language = excluded.language, alias_type = excluded.alias_type;
insert into public.company_aliases (company_id, alias, language, alias_type, normalized_alias) values ('amazon', 'Amazon.com, Inc.', 'en', 'official_name', 'amazoncominc') on conflict (company_id, normalized_alias) do update set alias = excluded.alias, language = excluded.language, alias_type = excluded.alias_type;
insert into public.company_aliases (company_id, alias, language, alias_type, normalized_alias) values ('amazon', '亚马逊', 'zh', 'common_name', '亚马逊') on conflict (company_id, normalized_alias) do update set alias = excluded.alias, language = excluded.language, alias_type = excluded.alias_type;
insert into public.company_aliases (company_id, alias, language, alias_type, normalized_alias) values ('amazon', '亚马逊公司', 'zh', 'common_name', '亚马逊公司') on conflict (company_id, normalized_alias) do update set alias = excluded.alias, language = excluded.language, alias_type = excluded.alias_type;
insert into public.company_aliases (company_id, alias, language, alias_type, normalized_alias) values ('alphabet', 'GOOGL', 'en', 'ticker', 'googl') on conflict (company_id, normalized_alias) do update set alias = excluded.alias, language = excluded.language, alias_type = excluded.alias_type;
insert into public.company_aliases (company_id, alias, language, alias_type, normalized_alias) values ('alphabet', 'Google', 'en', 'common_name', 'google') on conflict (company_id, normalized_alias) do update set alias = excluded.alias, language = excluded.language, alias_type = excluded.alias_type;
insert into public.company_aliases (company_id, alias, language, alias_type, normalized_alias) values ('alphabet', 'Alphabet', 'en', 'short_name', 'alphabet') on conflict (company_id, normalized_alias) do update set alias = excluded.alias, language = excluded.language, alias_type = excluded.alias_type;
insert into public.company_aliases (company_id, alias, language, alias_type, normalized_alias) values ('alphabet', 'Alphabet Inc.', 'en', 'official_name', 'alphabetinc') on conflict (company_id, normalized_alias) do update set alias = excluded.alias, language = excluded.language, alias_type = excluded.alias_type;
insert into public.company_aliases (company_id, alias, language, alias_type, normalized_alias) values ('alphabet', '谷歌', 'zh', 'common_name', '谷歌') on conflict (company_id, normalized_alias) do update set alias = excluded.alias, language = excluded.language, alias_type = excluded.alias_type;
insert into public.company_aliases (company_id, alias, language, alias_type, normalized_alias) values ('alphabet', '谷歌公司', 'zh', 'common_name', '谷歌公司') on conflict (company_id, normalized_alias) do update set alias = excluded.alias, language = excluded.language, alias_type = excluded.alias_type;
insert into public.company_aliases (company_id, alias, language, alias_type, normalized_alias) values ('alphabet', '字母表', 'zh', 'common_name', '字母表') on conflict (company_id, normalized_alias) do update set alias = excluded.alias, language = excluded.language, alias_type = excluded.alias_type;
insert into public.company_aliases (company_id, alias, language, alias_type, normalized_alias) values ('meta', 'META', 'en', 'ticker', 'meta') on conflict (company_id, normalized_alias) do update set alias = excluded.alias, language = excluded.language, alias_type = excluded.alias_type;
insert into public.company_aliases (company_id, alias, language, alias_type, normalized_alias) values ('meta', 'Meta Platforms', 'en', 'short_name', 'metaplatforms') on conflict (company_id, normalized_alias) do update set alias = excluded.alias, language = excluded.language, alias_type = excluded.alias_type;
insert into public.company_aliases (company_id, alias, language, alias_type, normalized_alias) values ('meta', 'Meta Platforms, Inc.', 'en', 'official_name', 'metaplatformsinc') on conflict (company_id, normalized_alias) do update set alias = excluded.alias, language = excluded.language, alias_type = excluded.alias_type;
insert into public.company_aliases (company_id, alias, language, alias_type, normalized_alias) values ('meta', '脸书', 'zh', 'common_name', '脸书') on conflict (company_id, normalized_alias) do update set alias = excluded.alias, language = excluded.language, alias_type = excluded.alias_type;
insert into public.company_aliases (company_id, alias, language, alias_type, normalized_alias) values ('meta', 'Facebook', 'en', 'common_name', 'facebook') on conflict (company_id, normalized_alias) do update set alias = excluded.alias, language = excluded.language, alias_type = excluded.alias_type;
insert into public.company_aliases (company_id, alias, language, alias_type, normalized_alias) values ('meta', 'Meta公司', 'zh', 'common_name', 'meta公司') on conflict (company_id, normalized_alias) do update set alias = excluded.alias, language = excluded.language, alias_type = excluded.alias_type;

insert into public.reports (id, company_id, market, symbol, company_name, exchange, report_type, title, year, period, filing_date, source, source_url, download_url) values ('apple-2025-10k', 'apple', 'US', 'AAPL', 'Apple Inc.', 'NASDAQ', '10-K', 'Apple Inc. Form 10-K 2025', 2025, 'FY', '2025-11-01', 'SEC', 'https://www.sec.gov/edgar/browse/?CIK=AAPL', null) on conflict (id) do update set company_id = excluded.company_id, market = excluded.market, symbol = excluded.symbol, company_name = excluded.company_name, exchange = excluded.exchange, report_type = excluded.report_type, title = excluded.title, year = excluded.year, period = excluded.period, filing_date = excluded.filing_date, source = excluded.source, source_url = excluded.source_url, download_url = excluded.download_url;
insert into public.reports (id, company_id, market, symbol, company_name, exchange, report_type, title, year, period, filing_date, source, source_url, download_url) values ('apple-2025-q3', 'apple', 'US', 'AAPL', 'Apple Inc.', 'NASDAQ', '10-Q', 'Apple Inc. Form 10-Q Q3 2025', 2025, 'Q3', '2025-08-02', 'SEC', 'https://www.sec.gov/edgar/browse/?CIK=AAPL', null) on conflict (id) do update set company_id = excluded.company_id, market = excluded.market, symbol = excluded.symbol, company_name = excluded.company_name, exchange = excluded.exchange, report_type = excluded.report_type, title = excluded.title, year = excluded.year, period = excluded.period, filing_date = excluded.filing_date, source = excluded.source, source_url = excluded.source_url, download_url = excluded.download_url;
insert into public.reports (id, company_id, market, symbol, company_name, exchange, report_type, title, year, period, filing_date, source, source_url, download_url) values ('apple-2025-q2', 'apple', 'US', 'AAPL', 'Apple Inc.', 'NASDAQ', '10-Q', 'Apple Inc. Form 10-Q Q2 2025', 2025, 'Q2', '2025-05-03', 'SEC', 'https://www.sec.gov/edgar/browse/?CIK=AAPL', null) on conflict (id) do update set company_id = excluded.company_id, market = excluded.market, symbol = excluded.symbol, company_name = excluded.company_name, exchange = excluded.exchange, report_type = excluded.report_type, title = excluded.title, year = excluded.year, period = excluded.period, filing_date = excluded.filing_date, source = excluded.source, source_url = excluded.source_url, download_url = excluded.download_url;
insert into public.reports (id, company_id, market, symbol, company_name, exchange, report_type, title, year, period, filing_date, source, source_url, download_url) values ('apple-2025-q1', 'apple', 'US', 'AAPL', 'Apple Inc.', 'NASDAQ', '10-Q', 'Apple Inc. Form 10-Q Q1 2025', 2025, 'Q1', '2025-02-01', 'SEC', 'https://www.sec.gov/edgar/browse/?CIK=AAPL', null) on conflict (id) do update set company_id = excluded.company_id, market = excluded.market, symbol = excluded.symbol, company_name = excluded.company_name, exchange = excluded.exchange, report_type = excluded.report_type, title = excluded.title, year = excluded.year, period = excluded.period, filing_date = excluded.filing_date, source = excluded.source, source_url = excluded.source_url, download_url = excluded.download_url;
insert into public.reports (id, company_id, market, symbol, company_name, exchange, report_type, title, year, period, filing_date, source, source_url, download_url) values ('apple-2024-10k', 'apple', 'US', 'AAPL', 'Apple Inc.', 'NASDAQ', '10-K', 'Apple Inc. Form 10-K 2024', 2024, 'FY', '2024-11-02', 'SEC', 'https://www.sec.gov/edgar/browse/?CIK=AAPL', null) on conflict (id) do update set company_id = excluded.company_id, market = excluded.market, symbol = excluded.symbol, company_name = excluded.company_name, exchange = excluded.exchange, report_type = excluded.report_type, title = excluded.title, year = excluded.year, period = excluded.period, filing_date = excluded.filing_date, source = excluded.source, source_url = excluded.source_url, download_url = excluded.download_url;
insert into public.reports (id, company_id, market, symbol, company_name, exchange, report_type, title, year, period, filing_date, source, source_url, download_url) values ('microsoft-2025-10k', 'microsoft', 'US', 'MSFT', 'Microsoft Corporation', 'NASDAQ', '10-K', 'Microsoft Corporation Form 10-K 2025', 2025, 'FY', '2025-07-30', 'SEC', 'https://www.sec.gov/edgar/browse/?CIK=MSFT', null) on conflict (id) do update set company_id = excluded.company_id, market = excluded.market, symbol = excluded.symbol, company_name = excluded.company_name, exchange = excluded.exchange, report_type = excluded.report_type, title = excluded.title, year = excluded.year, period = excluded.period, filing_date = excluded.filing_date, source = excluded.source, source_url = excluded.source_url, download_url = excluded.download_url;
insert into public.reports (id, company_id, market, symbol, company_name, exchange, report_type, title, year, period, filing_date, source, source_url, download_url) values ('microsoft-2025-q3', 'microsoft', 'US', 'MSFT', 'Microsoft Corporation', 'NASDAQ', '10-Q', 'Microsoft Corporation Form 10-Q Q3 2025', 2025, 'Q3', '2025-04-25', 'SEC', 'https://www.sec.gov/edgar/browse/?CIK=MSFT', null) on conflict (id) do update set company_id = excluded.company_id, market = excluded.market, symbol = excluded.symbol, company_name = excluded.company_name, exchange = excluded.exchange, report_type = excluded.report_type, title = excluded.title, year = excluded.year, period = excluded.period, filing_date = excluded.filing_date, source = excluded.source, source_url = excluded.source_url, download_url = excluded.download_url;
insert into public.reports (id, company_id, market, symbol, company_name, exchange, report_type, title, year, period, filing_date, source, source_url, download_url) values ('microsoft-2025-q2', 'microsoft', 'US', 'MSFT', 'Microsoft Corporation', 'NASDAQ', '10-Q', 'Microsoft Corporation Form 10-Q Q2 2025', 2025, 'Q2', '2025-01-30', 'SEC', 'https://www.sec.gov/edgar/browse/?CIK=MSFT', null) on conflict (id) do update set company_id = excluded.company_id, market = excluded.market, symbol = excluded.symbol, company_name = excluded.company_name, exchange = excluded.exchange, report_type = excluded.report_type, title = excluded.title, year = excluded.year, period = excluded.period, filing_date = excluded.filing_date, source = excluded.source, source_url = excluded.source_url, download_url = excluded.download_url;
insert into public.reports (id, company_id, market, symbol, company_name, exchange, report_type, title, year, period, filing_date, source, source_url, download_url) values ('microsoft-2024-q1', 'microsoft', 'US', 'MSFT', 'Microsoft Corporation', 'NASDAQ', '10-Q', 'Microsoft Corporation Form 10-Q Q1 2025', 2024, 'Q1', '2024-10-25', 'SEC', 'https://www.sec.gov/edgar/browse/?CIK=MSFT', null) on conflict (id) do update set company_id = excluded.company_id, market = excluded.market, symbol = excluded.symbol, company_name = excluded.company_name, exchange = excluded.exchange, report_type = excluded.report_type, title = excluded.title, year = excluded.year, period = excluded.period, filing_date = excluded.filing_date, source = excluded.source, source_url = excluded.source_url, download_url = excluded.download_url;
insert into public.reports (id, company_id, market, symbol, company_name, exchange, report_type, title, year, period, filing_date, source, source_url, download_url) values ('microsoft-2024-10k', 'microsoft', 'US', 'MSFT', 'Microsoft Corporation', 'NASDAQ', '10-K', 'Microsoft Corporation Form 10-K 2024', 2024, 'FY', '2024-07-30', 'SEC', 'https://www.sec.gov/edgar/browse/?CIK=MSFT', null) on conflict (id) do update set company_id = excluded.company_id, market = excluded.market, symbol = excluded.symbol, company_name = excluded.company_name, exchange = excluded.exchange, report_type = excluded.report_type, title = excluded.title, year = excluded.year, period = excluded.period, filing_date = excluded.filing_date, source = excluded.source, source_url = excluded.source_url, download_url = excluded.download_url;
insert into public.reports (id, company_id, market, symbol, company_name, exchange, report_type, title, year, period, filing_date, source, source_url, download_url) values ('nvidia-2025-10k', 'nvidia', 'US', 'NVDA', 'NVIDIA Corporation', 'NASDAQ', '10-K', 'NVIDIA Corporation Form 10-K 2025', 2025, 'FY', '2025-02-26', 'SEC', 'https://www.sec.gov/edgar/browse/?CIK=NVDA', null) on conflict (id) do update set company_id = excluded.company_id, market = excluded.market, symbol = excluded.symbol, company_name = excluded.company_name, exchange = excluded.exchange, report_type = excluded.report_type, title = excluded.title, year = excluded.year, period = excluded.period, filing_date = excluded.filing_date, source = excluded.source, source_url = excluded.source_url, download_url = excluded.download_url;
insert into public.reports (id, company_id, market, symbol, company_name, exchange, report_type, title, year, period, filing_date, source, source_url, download_url) values ('nvidia-2025-q3', 'nvidia', 'US', 'NVDA', 'NVIDIA Corporation', 'NASDAQ', '10-Q', 'NVIDIA Corporation Form 10-Q Q3 2025', 2025, 'Q3', '2024-11-21', 'SEC', 'https://www.sec.gov/edgar/browse/?CIK=NVDA', null) on conflict (id) do update set company_id = excluded.company_id, market = excluded.market, symbol = excluded.symbol, company_name = excluded.company_name, exchange = excluded.exchange, report_type = excluded.report_type, title = excluded.title, year = excluded.year, period = excluded.period, filing_date = excluded.filing_date, source = excluded.source, source_url = excluded.source_url, download_url = excluded.download_url;
insert into public.reports (id, company_id, market, symbol, company_name, exchange, report_type, title, year, period, filing_date, source, source_url, download_url) values ('nvidia-2025-q2', 'nvidia', 'US', 'NVDA', 'NVIDIA Corporation', 'NASDAQ', '10-Q', 'NVIDIA Corporation Form 10-Q Q2 2025', 2025, 'Q2', '2024-08-29', 'SEC', 'https://www.sec.gov/edgar/browse/?CIK=NVDA', null) on conflict (id) do update set company_id = excluded.company_id, market = excluded.market, symbol = excluded.symbol, company_name = excluded.company_name, exchange = excluded.exchange, report_type = excluded.report_type, title = excluded.title, year = excluded.year, period = excluded.period, filing_date = excluded.filing_date, source = excluded.source, source_url = excluded.source_url, download_url = excluded.download_url;
insert into public.reports (id, company_id, market, symbol, company_name, exchange, report_type, title, year, period, filing_date, source, source_url, download_url) values ('nvidia-2025-q1', 'nvidia', 'US', 'NVDA', 'NVIDIA Corporation', 'NASDAQ', '10-Q', 'NVIDIA Corporation Form 10-Q Q1 2025', 2025, 'Q1', '2024-05-29', 'SEC', 'https://www.sec.gov/edgar/browse/?CIK=NVDA', null) on conflict (id) do update set company_id = excluded.company_id, market = excluded.market, symbol = excluded.symbol, company_name = excluded.company_name, exchange = excluded.exchange, report_type = excluded.report_type, title = excluded.title, year = excluded.year, period = excluded.period, filing_date = excluded.filing_date, source = excluded.source, source_url = excluded.source_url, download_url = excluded.download_url;
insert into public.reports (id, company_id, market, symbol, company_name, exchange, report_type, title, year, period, filing_date, source, source_url, download_url) values ('nvidia-2024-10k', 'nvidia', 'US', 'NVDA', 'NVIDIA Corporation', 'NASDAQ', '10-K', 'NVIDIA Corporation Form 10-K 2024', 2024, 'FY', '2024-02-21', 'SEC', 'https://www.sec.gov/edgar/browse/?CIK=NVDA', null) on conflict (id) do update set company_id = excluded.company_id, market = excluded.market, symbol = excluded.symbol, company_name = excluded.company_name, exchange = excluded.exchange, report_type = excluded.report_type, title = excluded.title, year = excluded.year, period = excluded.period, filing_date = excluded.filing_date, source = excluded.source, source_url = excluded.source_url, download_url = excluded.download_url;
insert into public.reports (id, company_id, market, symbol, company_name, exchange, report_type, title, year, period, filing_date, source, source_url, download_url) values ('tesla-2025-10k', 'tesla', 'US', 'TSLA', 'Tesla, Inc.', 'NASDAQ', '10-K', 'Tesla, Inc. Form 10-K 2025', 2025, 'FY', '2026-01-29', 'SEC', 'https://www.sec.gov/edgar/browse/?CIK=TSLA', null) on conflict (id) do update set company_id = excluded.company_id, market = excluded.market, symbol = excluded.symbol, company_name = excluded.company_name, exchange = excluded.exchange, report_type = excluded.report_type, title = excluded.title, year = excluded.year, period = excluded.period, filing_date = excluded.filing_date, source = excluded.source, source_url = excluded.source_url, download_url = excluded.download_url;
insert into public.reports (id, company_id, market, symbol, company_name, exchange, report_type, title, year, period, filing_date, source, source_url, download_url) values ('tesla-2025-q3', 'tesla', 'US', 'TSLA', 'Tesla, Inc.', 'NASDAQ', '10-Q', 'Tesla, Inc. Form 10-Q Q3 2025', 2025, 'Q3', '2025-10-23', 'SEC', 'https://www.sec.gov/edgar/browse/?CIK=TSLA', null) on conflict (id) do update set company_id = excluded.company_id, market = excluded.market, symbol = excluded.symbol, company_name = excluded.company_name, exchange = excluded.exchange, report_type = excluded.report_type, title = excluded.title, year = excluded.year, period = excluded.period, filing_date = excluded.filing_date, source = excluded.source, source_url = excluded.source_url, download_url = excluded.download_url;
insert into public.reports (id, company_id, market, symbol, company_name, exchange, report_type, title, year, period, filing_date, source, source_url, download_url) values ('tesla-2025-q2', 'tesla', 'US', 'TSLA', 'Tesla, Inc.', 'NASDAQ', '10-Q', 'Tesla, Inc. Form 10-Q Q2 2025', 2025, 'Q2', '2025-07-24', 'SEC', 'https://www.sec.gov/edgar/browse/?CIK=TSLA', null) on conflict (id) do update set company_id = excluded.company_id, market = excluded.market, symbol = excluded.symbol, company_name = excluded.company_name, exchange = excluded.exchange, report_type = excluded.report_type, title = excluded.title, year = excluded.year, period = excluded.period, filing_date = excluded.filing_date, source = excluded.source, source_url = excluded.source_url, download_url = excluded.download_url;
insert into public.reports (id, company_id, market, symbol, company_name, exchange, report_type, title, year, period, filing_date, source, source_url, download_url) values ('tesla-2025-q1', 'tesla', 'US', 'TSLA', 'Tesla, Inc.', 'NASDAQ', '10-Q', 'Tesla, Inc. Form 10-Q Q1 2025', 2025, 'Q1', '2025-04-23', 'SEC', 'https://www.sec.gov/edgar/browse/?CIK=TSLA', null) on conflict (id) do update set company_id = excluded.company_id, market = excluded.market, symbol = excluded.symbol, company_name = excluded.company_name, exchange = excluded.exchange, report_type = excluded.report_type, title = excluded.title, year = excluded.year, period = excluded.period, filing_date = excluded.filing_date, source = excluded.source, source_url = excluded.source_url, download_url = excluded.download_url;
insert into public.reports (id, company_id, market, symbol, company_name, exchange, report_type, title, year, period, filing_date, source, source_url, download_url) values ('tesla-2024-10k', 'tesla', 'US', 'TSLA', 'Tesla, Inc.', 'NASDAQ', '10-K', 'Tesla, Inc. Form 10-K 2024', 2024, 'FY', '2025-01-30', 'SEC', 'https://www.sec.gov/edgar/browse/?CIK=TSLA', null) on conflict (id) do update set company_id = excluded.company_id, market = excluded.market, symbol = excluded.symbol, company_name = excluded.company_name, exchange = excluded.exchange, report_type = excluded.report_type, title = excluded.title, year = excluded.year, period = excluded.period, filing_date = excluded.filing_date, source = excluded.source, source_url = excluded.source_url, download_url = excluded.download_url;
insert into public.reports (id, company_id, market, symbol, company_name, exchange, report_type, title, year, period, filing_date, source, source_url, download_url) values ('moutai-2025-q3', 'kweichow-moutai', 'CN', '600519', '贵州茅台', 'SSE', '三季报', '贵州茅台 2025 年第三季度报告', 2025, 'Q3', '2025-10-28', 'CNINFO', 'https://www.cninfo.com.cn/new/disclosure/stock?stockCode=600519', null) on conflict (id) do update set company_id = excluded.company_id, market = excluded.market, symbol = excluded.symbol, company_name = excluded.company_name, exchange = excluded.exchange, report_type = excluded.report_type, title = excluded.title, year = excluded.year, period = excluded.period, filing_date = excluded.filing_date, source = excluded.source, source_url = excluded.source_url, download_url = excluded.download_url;
insert into public.reports (id, company_id, market, symbol, company_name, exchange, report_type, title, year, period, filing_date, source, source_url, download_url) values ('moutai-2025-h1', 'kweichow-moutai', 'CN', '600519', '贵州茅台', 'SSE', '半年报', '贵州茅台 2025 年半年度报告', 2025, 'H1', '2025-08-09', 'CNINFO', 'https://www.cninfo.com.cn/new/disclosure/stock?stockCode=600519', null) on conflict (id) do update set company_id = excluded.company_id, market = excluded.market, symbol = excluded.symbol, company_name = excluded.company_name, exchange = excluded.exchange, report_type = excluded.report_type, title = excluded.title, year = excluded.year, period = excluded.period, filing_date = excluded.filing_date, source = excluded.source, source_url = excluded.source_url, download_url = excluded.download_url;
insert into public.reports (id, company_id, market, symbol, company_name, exchange, report_type, title, year, period, filing_date, source, source_url, download_url) values ('moutai-2025-q1', 'kweichow-moutai', 'CN', '600519', '贵州茅台', 'SSE', '一季报', '贵州茅台 2025 年第一季度报告', 2025, 'Q1', '2025-04-30', 'CNINFO', 'https://www.cninfo.com.cn/new/disclosure/stock?stockCode=600519', null) on conflict (id) do update set company_id = excluded.company_id, market = excluded.market, symbol = excluded.symbol, company_name = excluded.company_name, exchange = excluded.exchange, report_type = excluded.report_type, title = excluded.title, year = excluded.year, period = excluded.period, filing_date = excluded.filing_date, source = excluded.source, source_url = excluded.source_url, download_url = excluded.download_url;
insert into public.reports (id, company_id, market, symbol, company_name, exchange, report_type, title, year, period, filing_date, source, source_url, download_url) values ('moutai-2024-fy', 'kweichow-moutai', 'CN', '600519', '贵州茅台', 'SSE', '年报', '贵州茅台 2024 年年度报告', 2024, 'FY', '2025-04-03', 'CNINFO', 'https://www.cninfo.com.cn/new/disclosure/stock?stockCode=600519', null) on conflict (id) do update set company_id = excluded.company_id, market = excluded.market, symbol = excluded.symbol, company_name = excluded.company_name, exchange = excluded.exchange, report_type = excluded.report_type, title = excluded.title, year = excluded.year, period = excluded.period, filing_date = excluded.filing_date, source = excluded.source, source_url = excluded.source_url, download_url = excluded.download_url;
insert into public.reports (id, company_id, market, symbol, company_name, exchange, report_type, title, year, period, filing_date, source, source_url, download_url) values ('moutai-2024-q3', 'kweichow-moutai', 'CN', '600519', '贵州茅台', 'SSE', '三季报', '贵州茅台 2024 年第三季度报告', 2024, 'Q3', '2024-10-26', 'CNINFO', 'https://www.cninfo.com.cn/new/disclosure/stock?stockCode=600519', null) on conflict (id) do update set company_id = excluded.company_id, market = excluded.market, symbol = excluded.symbol, company_name = excluded.company_name, exchange = excluded.exchange, report_type = excluded.report_type, title = excluded.title, year = excluded.year, period = excluded.period, filing_date = excluded.filing_date, source = excluded.source, source_url = excluded.source_url, download_url = excluded.download_url;
insert into public.reports (id, company_id, market, symbol, company_name, exchange, report_type, title, year, period, filing_date, source, source_url, download_url) values ('catl-2025-q3', 'catl', 'CN', '300750', '宁德时代', 'SZSE', '三季报', '宁德时代 2025 年第三季度报告', 2025, 'Q3', '2025-10-24', 'CNINFO', 'https://www.cninfo.com.cn/new/disclosure/stock?stockCode=300750', null) on conflict (id) do update set company_id = excluded.company_id, market = excluded.market, symbol = excluded.symbol, company_name = excluded.company_name, exchange = excluded.exchange, report_type = excluded.report_type, title = excluded.title, year = excluded.year, period = excluded.period, filing_date = excluded.filing_date, source = excluded.source, source_url = excluded.source_url, download_url = excluded.download_url;
insert into public.reports (id, company_id, market, symbol, company_name, exchange, report_type, title, year, period, filing_date, source, source_url, download_url) values ('catl-2025-h1', 'catl', 'CN', '300750', '宁德时代', 'SZSE', '半年报', '宁德时代 2025 年半年度报告', 2025, 'H1', '2025-08-01', 'CNINFO', 'https://www.cninfo.com.cn/new/disclosure/stock?stockCode=300750', null) on conflict (id) do update set company_id = excluded.company_id, market = excluded.market, symbol = excluded.symbol, company_name = excluded.company_name, exchange = excluded.exchange, report_type = excluded.report_type, title = excluded.title, year = excluded.year, period = excluded.period, filing_date = excluded.filing_date, source = excluded.source, source_url = excluded.source_url, download_url = excluded.download_url;
insert into public.reports (id, company_id, market, symbol, company_name, exchange, report_type, title, year, period, filing_date, source, source_url, download_url) values ('catl-2025-q1', 'catl', 'CN', '300750', '宁德时代', 'SZSE', '一季报', '宁德时代 2025 年第一季度报告', 2025, 'Q1', '2025-04-22', 'CNINFO', 'https://www.cninfo.com.cn/new/disclosure/stock?stockCode=300750', null) on conflict (id) do update set company_id = excluded.company_id, market = excluded.market, symbol = excluded.symbol, company_name = excluded.company_name, exchange = excluded.exchange, report_type = excluded.report_type, title = excluded.title, year = excluded.year, period = excluded.period, filing_date = excluded.filing_date, source = excluded.source, source_url = excluded.source_url, download_url = excluded.download_url;
insert into public.reports (id, company_id, market, symbol, company_name, exchange, report_type, title, year, period, filing_date, source, source_url, download_url) values ('catl-2024-fy', 'catl', 'CN', '300750', '宁德时代', 'SZSE', '年报', '宁德时代 2024 年年度报告', 2024, 'FY', '2025-03-15', 'CNINFO', 'https://www.cninfo.com.cn/new/disclosure/stock?stockCode=300750', null) on conflict (id) do update set company_id = excluded.company_id, market = excluded.market, symbol = excluded.symbol, company_name = excluded.company_name, exchange = excluded.exchange, report_type = excluded.report_type, title = excluded.title, year = excluded.year, period = excluded.period, filing_date = excluded.filing_date, source = excluded.source, source_url = excluded.source_url, download_url = excluded.download_url;
insert into public.reports (id, company_id, market, symbol, company_name, exchange, report_type, title, year, period, filing_date, source, source_url, download_url) values ('catl-2024-q3', 'catl', 'CN', '300750', '宁德时代', 'SZSE', '三季报', '宁德时代 2024 年第三季度报告', 2024, 'Q3', '2024-10-19', 'CNINFO', 'https://www.cninfo.com.cn/new/disclosure/stock?stockCode=300750', null) on conflict (id) do update set company_id = excluded.company_id, market = excluded.market, symbol = excluded.symbol, company_name = excluded.company_name, exchange = excluded.exchange, report_type = excluded.report_type, title = excluded.title, year = excluded.year, period = excluded.period, filing_date = excluded.filing_date, source = excluded.source, source_url = excluded.source_url, download_url = excluded.download_url;
insert into public.reports (id, company_id, market, symbol, company_name, exchange, report_type, title, year, period, filing_date, source, source_url, download_url) values ('east-money-2025-q3', 'east-money', 'CN', '300059', '东方财富', 'SZSE', '三季报', '东方财富 2025 年第三季度报告', 2025, 'Q3', '2025-10-25', 'CNINFO', 'https://www.cninfo.com.cn/new/disclosure/stock?stockCode=300059', null) on conflict (id) do update set company_id = excluded.company_id, market = excluded.market, symbol = excluded.symbol, company_name = excluded.company_name, exchange = excluded.exchange, report_type = excluded.report_type, title = excluded.title, year = excluded.year, period = excluded.period, filing_date = excluded.filing_date, source = excluded.source, source_url = excluded.source_url, download_url = excluded.download_url;
insert into public.reports (id, company_id, market, symbol, company_name, exchange, report_type, title, year, period, filing_date, source, source_url, download_url) values ('east-money-2025-h1', 'east-money', 'CN', '300059', '东方财富', 'SZSE', '半年报', '东方财富 2025 年半年度报告', 2025, 'H1', '2025-08-16', 'CNINFO', 'https://www.cninfo.com.cn/new/disclosure/stock?stockCode=300059', null) on conflict (id) do update set company_id = excluded.company_id, market = excluded.market, symbol = excluded.symbol, company_name = excluded.company_name, exchange = excluded.exchange, report_type = excluded.report_type, title = excluded.title, year = excluded.year, period = excluded.period, filing_date = excluded.filing_date, source = excluded.source, source_url = excluded.source_url, download_url = excluded.download_url;
insert into public.reports (id, company_id, market, symbol, company_name, exchange, report_type, title, year, period, filing_date, source, source_url, download_url) values ('east-money-2025-q1', 'east-money', 'CN', '300059', '东方财富', 'SZSE', '一季报', '东方财富 2025 年第一季度报告', 2025, 'Q1', '2025-04-19', 'CNINFO', 'https://www.cninfo.com.cn/new/disclosure/stock?stockCode=300059', null) on conflict (id) do update set company_id = excluded.company_id, market = excluded.market, symbol = excluded.symbol, company_name = excluded.company_name, exchange = excluded.exchange, report_type = excluded.report_type, title = excluded.title, year = excluded.year, period = excluded.period, filing_date = excluded.filing_date, source = excluded.source, source_url = excluded.source_url, download_url = excluded.download_url;
insert into public.reports (id, company_id, market, symbol, company_name, exchange, report_type, title, year, period, filing_date, source, source_url, download_url) values ('east-money-2024-fy', 'east-money', 'CN', '300059', '东方财富', 'SZSE', '年报', '东方财富 2024 年年度报告', 2024, 'FY', '2025-03-18', 'CNINFO', 'https://www.cninfo.com.cn/new/disclosure/stock?stockCode=300059', null) on conflict (id) do update set company_id = excluded.company_id, market = excluded.market, symbol = excluded.symbol, company_name = excluded.company_name, exchange = excluded.exchange, report_type = excluded.report_type, title = excluded.title, year = excluded.year, period = excluded.period, filing_date = excluded.filing_date, source = excluded.source, source_url = excluded.source_url, download_url = excluded.download_url;
insert into public.reports (id, company_id, market, symbol, company_name, exchange, report_type, title, year, period, filing_date, source, source_url, download_url) values ('east-money-2024-q3', 'east-money', 'CN', '300059', '东方财富', 'SZSE', '三季报', '东方财富 2024 年第三季度报告', 2024, 'Q3', '2024-10-22', 'CNINFO', 'https://www.cninfo.com.cn/new/disclosure/stock?stockCode=300059', null) on conflict (id) do update set company_id = excluded.company_id, market = excluded.market, symbol = excluded.symbol, company_name = excluded.company_name, exchange = excluded.exchange, report_type = excluded.report_type, title = excluded.title, year = excluded.year, period = excluded.period, filing_date = excluded.filing_date, source = excluded.source, source_url = excluded.source_url, download_url = excluded.download_url;
insert into public.reports (id, company_id, market, symbol, company_name, exchange, report_type, title, year, period, filing_date, source, source_url, download_url) values ('byd-2025-q3', 'byd', 'CN', '002594', '比亚迪', 'SZSE', '三季报', '比亚迪 2025 年第三季度报告', 2025, 'Q3', '2025-10-31', 'CNINFO', 'https://www.cninfo.com.cn/new/disclosure/stock?stockCode=002594', null) on conflict (id) do update set company_id = excluded.company_id, market = excluded.market, symbol = excluded.symbol, company_name = excluded.company_name, exchange = excluded.exchange, report_type = excluded.report_type, title = excluded.title, year = excluded.year, period = excluded.period, filing_date = excluded.filing_date, source = excluded.source, source_url = excluded.source_url, download_url = excluded.download_url;
insert into public.reports (id, company_id, market, symbol, company_name, exchange, report_type, title, year, period, filing_date, source, source_url, download_url) values ('byd-2025-h1', 'byd', 'CN', '002594', '比亚迪', 'SZSE', '半年报', '比亚迪 2025 年半年度报告', 2025, 'H1', '2025-08-28', 'CNINFO', 'https://www.cninfo.com.cn/new/disclosure/stock?stockCode=002594', null) on conflict (id) do update set company_id = excluded.company_id, market = excluded.market, symbol = excluded.symbol, company_name = excluded.company_name, exchange = excluded.exchange, report_type = excluded.report_type, title = excluded.title, year = excluded.year, period = excluded.period, filing_date = excluded.filing_date, source = excluded.source, source_url = excluded.source_url, download_url = excluded.download_url;
insert into public.reports (id, company_id, market, symbol, company_name, exchange, report_type, title, year, period, filing_date, source, source_url, download_url) values ('byd-2025-q1', 'byd', 'CN', '002594', '比亚迪', 'SZSE', '一季报', '比亚迪 2025 年第一季度报告', 2025, 'Q1', '2025-04-29', 'CNINFO', 'https://www.cninfo.com.cn/new/disclosure/stock?stockCode=002594', null) on conflict (id) do update set company_id = excluded.company_id, market = excluded.market, symbol = excluded.symbol, company_name = excluded.company_name, exchange = excluded.exchange, report_type = excluded.report_type, title = excluded.title, year = excluded.year, period = excluded.period, filing_date = excluded.filing_date, source = excluded.source, source_url = excluded.source_url, download_url = excluded.download_url;
insert into public.reports (id, company_id, market, symbol, company_name, exchange, report_type, title, year, period, filing_date, source, source_url, download_url) values ('byd-2024-fy', 'byd', 'CN', '002594', '比亚迪', 'SZSE', '年报', '比亚迪 2024 年年度报告', 2024, 'FY', '2025-03-25', 'CNINFO', 'https://www.cninfo.com.cn/new/disclosure/stock?stockCode=002594', null) on conflict (id) do update set company_id = excluded.company_id, market = excluded.market, symbol = excluded.symbol, company_name = excluded.company_name, exchange = excluded.exchange, report_type = excluded.report_type, title = excluded.title, year = excluded.year, period = excluded.period, filing_date = excluded.filing_date, source = excluded.source, source_url = excluded.source_url, download_url = excluded.download_url;
insert into public.reports (id, company_id, market, symbol, company_name, exchange, report_type, title, year, period, filing_date, source, source_url, download_url) values ('byd-2024-q3', 'byd', 'CN', '002594', '比亚迪', 'SZSE', '三季报', '比亚迪 2024 年第三季度报告', 2024, 'Q3', '2024-10-30', 'CNINFO', 'https://www.cninfo.com.cn/new/disclosure/stock?stockCode=002594', null) on conflict (id) do update set company_id = excluded.company_id, market = excluded.market, symbol = excluded.symbol, company_name = excluded.company_name, exchange = excluded.exchange, report_type = excluded.report_type, title = excluded.title, year = excluded.year, period = excluded.period, filing_date = excluded.filing_date, source = excluded.source, source_url = excluded.source_url, download_url = excluded.download_url;
insert into public.reports (id, company_id, market, symbol, company_name, exchange, report_type, title, year, period, filing_date, source, source_url, download_url) values ('cmb-2025-q3', 'cmb', 'CN', '600036', '招商银行', 'SSE', '三季报', '招商银行 2025 年第三季度报告', 2025, 'Q3', '2025-10-29', 'CNINFO', 'https://www.cninfo.com.cn/new/disclosure/stock?stockCode=600036', null) on conflict (id) do update set company_id = excluded.company_id, market = excluded.market, symbol = excluded.symbol, company_name = excluded.company_name, exchange = excluded.exchange, report_type = excluded.report_type, title = excluded.title, year = excluded.year, period = excluded.period, filing_date = excluded.filing_date, source = excluded.source, source_url = excluded.source_url, download_url = excluded.download_url;
insert into public.reports (id, company_id, market, symbol, company_name, exchange, report_type, title, year, period, filing_date, source, source_url, download_url) values ('cmb-2025-h1', 'cmb', 'CN', '600036', '招商银行', 'SSE', '半年报', '招商银行 2025 年半年度报告', 2025, 'H1', '2025-08-30', 'CNINFO', 'https://www.cninfo.com.cn/new/disclosure/stock?stockCode=600036', null) on conflict (id) do update set company_id = excluded.company_id, market = excluded.market, symbol = excluded.symbol, company_name = excluded.company_name, exchange = excluded.exchange, report_type = excluded.report_type, title = excluded.title, year = excluded.year, period = excluded.period, filing_date = excluded.filing_date, source = excluded.source, source_url = excluded.source_url, download_url = excluded.download_url;
insert into public.reports (id, company_id, market, symbol, company_name, exchange, report_type, title, year, period, filing_date, source, source_url, download_url) values ('cmb-2025-q1', 'cmb', 'CN', '600036', '招商银行', 'SSE', '一季报', '招商银行 2025 年第一季度报告', 2025, 'Q1', '2025-04-30', 'CNINFO', 'https://www.cninfo.com.cn/new/disclosure/stock?stockCode=600036', null) on conflict (id) do update set company_id = excluded.company_id, market = excluded.market, symbol = excluded.symbol, company_name = excluded.company_name, exchange = excluded.exchange, report_type = excluded.report_type, title = excluded.title, year = excluded.year, period = excluded.period, filing_date = excluded.filing_date, source = excluded.source, source_url = excluded.source_url, download_url = excluded.download_url;
insert into public.reports (id, company_id, market, symbol, company_name, exchange, report_type, title, year, period, filing_date, source, source_url, download_url) values ('cmb-2024-fy', 'cmb', 'CN', '600036', '招商银行', 'SSE', '年报', '招商银行 2024 年年度报告', 2024, 'FY', '2025-03-22', 'CNINFO', 'https://www.cninfo.com.cn/new/disclosure/stock?stockCode=600036', null) on conflict (id) do update set company_id = excluded.company_id, market = excluded.market, symbol = excluded.symbol, company_name = excluded.company_name, exchange = excluded.exchange, report_type = excluded.report_type, title = excluded.title, year = excluded.year, period = excluded.period, filing_date = excluded.filing_date, source = excluded.source, source_url = excluded.source_url, download_url = excluded.download_url;
insert into public.reports (id, company_id, market, symbol, company_name, exchange, report_type, title, year, period, filing_date, source, source_url, download_url) values ('cmb-2024-q3', 'cmb', 'CN', '600036', '招商银行', 'SSE', '三季报', '招商银行 2024 年第三季度报告', 2024, 'Q3', '2024-10-30', 'CNINFO', 'https://www.cninfo.com.cn/new/disclosure/stock?stockCode=600036', null) on conflict (id) do update set company_id = excluded.company_id, market = excluded.market, symbol = excluded.symbol, company_name = excluded.company_name, exchange = excluded.exchange, report_type = excluded.report_type, title = excluded.title, year = excluded.year, period = excluded.period, filing_date = excluded.filing_date, source = excluded.source, source_url = excluded.source_url, download_url = excluded.download_url;
insert into public.reports (id, company_id, market, symbol, company_name, exchange, report_type, title, year, period, filing_date, source, source_url, download_url) values ('amazon-2025-10k', 'amazon', 'US', 'AMZN', 'Amazon.com, Inc.', 'NASDAQ', '10-K', 'Amazon.com, Inc. Form 10-K 2025', 2025, 'FY', '2026-02-02', 'SEC', 'https://www.sec.gov/edgar/browse/?CIK=AMZN', null) on conflict (id) do update set company_id = excluded.company_id, market = excluded.market, symbol = excluded.symbol, company_name = excluded.company_name, exchange = excluded.exchange, report_type = excluded.report_type, title = excluded.title, year = excluded.year, period = excluded.period, filing_date = excluded.filing_date, source = excluded.source, source_url = excluded.source_url, download_url = excluded.download_url;
insert into public.reports (id, company_id, market, symbol, company_name, exchange, report_type, title, year, period, filing_date, source, source_url, download_url) values ('amazon-2025-q3', 'amazon', 'US', 'AMZN', 'Amazon.com, Inc.', 'NASDAQ', '10-Q', 'Amazon.com, Inc. Form 10-Q Q3 2025', 2025, 'Q3', '2025-10-31', 'SEC', 'https://www.sec.gov/edgar/browse/?CIK=AMZN', null) on conflict (id) do update set company_id = excluded.company_id, market = excluded.market, symbol = excluded.symbol, company_name = excluded.company_name, exchange = excluded.exchange, report_type = excluded.report_type, title = excluded.title, year = excluded.year, period = excluded.period, filing_date = excluded.filing_date, source = excluded.source, source_url = excluded.source_url, download_url = excluded.download_url;
insert into public.reports (id, company_id, market, symbol, company_name, exchange, report_type, title, year, period, filing_date, source, source_url, download_url) values ('amazon-2025-q2', 'amazon', 'US', 'AMZN', 'Amazon.com, Inc.', 'NASDAQ', '10-Q', 'Amazon.com, Inc. Form 10-Q Q2 2025', 2025, 'Q2', '2025-08-01', 'SEC', 'https://www.sec.gov/edgar/browse/?CIK=AMZN', null) on conflict (id) do update set company_id = excluded.company_id, market = excluded.market, symbol = excluded.symbol, company_name = excluded.company_name, exchange = excluded.exchange, report_type = excluded.report_type, title = excluded.title, year = excluded.year, period = excluded.period, filing_date = excluded.filing_date, source = excluded.source, source_url = excluded.source_url, download_url = excluded.download_url;
insert into public.reports (id, company_id, market, symbol, company_name, exchange, report_type, title, year, period, filing_date, source, source_url, download_url) values ('amazon-2025-q1', 'amazon', 'US', 'AMZN', 'Amazon.com, Inc.', 'NASDAQ', '10-Q', 'Amazon.com, Inc. Form 10-Q Q1 2025', 2025, 'Q1', '2025-05-02', 'SEC', 'https://www.sec.gov/edgar/browse/?CIK=AMZN', null) on conflict (id) do update set company_id = excluded.company_id, market = excluded.market, symbol = excluded.symbol, company_name = excluded.company_name, exchange = excluded.exchange, report_type = excluded.report_type, title = excluded.title, year = excluded.year, period = excluded.period, filing_date = excluded.filing_date, source = excluded.source, source_url = excluded.source_url, download_url = excluded.download_url;
insert into public.reports (id, company_id, market, symbol, company_name, exchange, report_type, title, year, period, filing_date, source, source_url, download_url) values ('amazon-2024-10k', 'amazon', 'US', 'AMZN', 'Amazon.com, Inc.', 'NASDAQ', '10-K', 'Amazon.com, Inc. Form 10-K 2024', 2024, 'FY', '2025-02-03', 'SEC', 'https://www.sec.gov/edgar/browse/?CIK=AMZN', null) on conflict (id) do update set company_id = excluded.company_id, market = excluded.market, symbol = excluded.symbol, company_name = excluded.company_name, exchange = excluded.exchange, report_type = excluded.report_type, title = excluded.title, year = excluded.year, period = excluded.period, filing_date = excluded.filing_date, source = excluded.source, source_url = excluded.source_url, download_url = excluded.download_url;
insert into public.reports (id, company_id, market, symbol, company_name, exchange, report_type, title, year, period, filing_date, source, source_url, download_url) values ('alphabet-2025-10k', 'alphabet', 'US', 'GOOGL', 'Alphabet Inc.', 'NASDAQ', '10-K', 'Alphabet Inc. Form 10-K 2025', 2025, 'FY', '2026-02-03', 'SEC', 'https://www.sec.gov/edgar/browse/?CIK=GOOGL', null) on conflict (id) do update set company_id = excluded.company_id, market = excluded.market, symbol = excluded.symbol, company_name = excluded.company_name, exchange = excluded.exchange, report_type = excluded.report_type, title = excluded.title, year = excluded.year, period = excluded.period, filing_date = excluded.filing_date, source = excluded.source, source_url = excluded.source_url, download_url = excluded.download_url;
insert into public.reports (id, company_id, market, symbol, company_name, exchange, report_type, title, year, period, filing_date, source, source_url, download_url) values ('alphabet-2025-q3', 'alphabet', 'US', 'GOOGL', 'Alphabet Inc.', 'NASDAQ', '10-Q', 'Alphabet Inc. Form 10-Q Q3 2025', 2025, 'Q3', '2025-10-29', 'SEC', 'https://www.sec.gov/edgar/browse/?CIK=GOOGL', null) on conflict (id) do update set company_id = excluded.company_id, market = excluded.market, symbol = excluded.symbol, company_name = excluded.company_name, exchange = excluded.exchange, report_type = excluded.report_type, title = excluded.title, year = excluded.year, period = excluded.period, filing_date = excluded.filing_date, source = excluded.source, source_url = excluded.source_url, download_url = excluded.download_url;
insert into public.reports (id, company_id, market, symbol, company_name, exchange, report_type, title, year, period, filing_date, source, source_url, download_url) values ('alphabet-2025-q2', 'alphabet', 'US', 'GOOGL', 'Alphabet Inc.', 'NASDAQ', '10-Q', 'Alphabet Inc. Form 10-Q Q2 2025', 2025, 'Q2', '2025-07-24', 'SEC', 'https://www.sec.gov/edgar/browse/?CIK=GOOGL', null) on conflict (id) do update set company_id = excluded.company_id, market = excluded.market, symbol = excluded.symbol, company_name = excluded.company_name, exchange = excluded.exchange, report_type = excluded.report_type, title = excluded.title, year = excluded.year, period = excluded.period, filing_date = excluded.filing_date, source = excluded.source, source_url = excluded.source_url, download_url = excluded.download_url;
insert into public.reports (id, company_id, market, symbol, company_name, exchange, report_type, title, year, period, filing_date, source, source_url, download_url) values ('alphabet-2025-q1', 'alphabet', 'US', 'GOOGL', 'Alphabet Inc.', 'NASDAQ', '10-Q', 'Alphabet Inc. Form 10-Q Q1 2025', 2025, 'Q1', '2025-04-25', 'SEC', 'https://www.sec.gov/edgar/browse/?CIK=GOOGL', null) on conflict (id) do update set company_id = excluded.company_id, market = excluded.market, symbol = excluded.symbol, company_name = excluded.company_name, exchange = excluded.exchange, report_type = excluded.report_type, title = excluded.title, year = excluded.year, period = excluded.period, filing_date = excluded.filing_date, source = excluded.source, source_url = excluded.source_url, download_url = excluded.download_url;
insert into public.reports (id, company_id, market, symbol, company_name, exchange, report_type, title, year, period, filing_date, source, source_url, download_url) values ('alphabet-2024-10k', 'alphabet', 'US', 'GOOGL', 'Alphabet Inc.', 'NASDAQ', '10-K', 'Alphabet Inc. Form 10-K 2024', 2024, 'FY', '2025-02-04', 'SEC', 'https://www.sec.gov/edgar/browse/?CIK=GOOGL', null) on conflict (id) do update set company_id = excluded.company_id, market = excluded.market, symbol = excluded.symbol, company_name = excluded.company_name, exchange = excluded.exchange, report_type = excluded.report_type, title = excluded.title, year = excluded.year, period = excluded.period, filing_date = excluded.filing_date, source = excluded.source, source_url = excluded.source_url, download_url = excluded.download_url;
insert into public.reports (id, company_id, market, symbol, company_name, exchange, report_type, title, year, period, filing_date, source, source_url, download_url) values ('meta-2025-10k', 'meta', 'US', 'META', 'Meta Platforms, Inc.', 'NASDAQ', '10-K', 'Meta Platforms, Inc. Form 10-K 2025', 2025, 'FY', '2026-01-31', 'SEC', 'https://www.sec.gov/edgar/browse/?CIK=META', null) on conflict (id) do update set company_id = excluded.company_id, market = excluded.market, symbol = excluded.symbol, company_name = excluded.company_name, exchange = excluded.exchange, report_type = excluded.report_type, title = excluded.title, year = excluded.year, period = excluded.period, filing_date = excluded.filing_date, source = excluded.source, source_url = excluded.source_url, download_url = excluded.download_url;
insert into public.reports (id, company_id, market, symbol, company_name, exchange, report_type, title, year, period, filing_date, source, source_url, download_url) values ('meta-2025-q3', 'meta', 'US', 'META', 'Meta Platforms, Inc.', 'NASDAQ', '10-Q', 'Meta Platforms, Inc. Form 10-Q Q3 2025', 2025, 'Q3', '2025-10-30', 'SEC', 'https://www.sec.gov/edgar/browse/?CIK=META', null) on conflict (id) do update set company_id = excluded.company_id, market = excluded.market, symbol = excluded.symbol, company_name = excluded.company_name, exchange = excluded.exchange, report_type = excluded.report_type, title = excluded.title, year = excluded.year, period = excluded.period, filing_date = excluded.filing_date, source = excluded.source, source_url = excluded.source_url, download_url = excluded.download_url;
insert into public.reports (id, company_id, market, symbol, company_name, exchange, report_type, title, year, period, filing_date, source, source_url, download_url) values ('meta-2025-q2', 'meta', 'US', 'META', 'Meta Platforms, Inc.', 'NASDAQ', '10-Q', 'Meta Platforms, Inc. Form 10-Q Q2 2025', 2025, 'Q2', '2025-07-31', 'SEC', 'https://www.sec.gov/edgar/browse/?CIK=META', null) on conflict (id) do update set company_id = excluded.company_id, market = excluded.market, symbol = excluded.symbol, company_name = excluded.company_name, exchange = excluded.exchange, report_type = excluded.report_type, title = excluded.title, year = excluded.year, period = excluded.period, filing_date = excluded.filing_date, source = excluded.source, source_url = excluded.source_url, download_url = excluded.download_url;
insert into public.reports (id, company_id, market, symbol, company_name, exchange, report_type, title, year, period, filing_date, source, source_url, download_url) values ('meta-2025-q1', 'meta', 'US', 'META', 'Meta Platforms, Inc.', 'NASDAQ', '10-Q', 'Meta Platforms, Inc. Form 10-Q Q1 2025', 2025, 'Q1', '2025-04-30', 'SEC', 'https://www.sec.gov/edgar/browse/?CIK=META', null) on conflict (id) do update set company_id = excluded.company_id, market = excluded.market, symbol = excluded.symbol, company_name = excluded.company_name, exchange = excluded.exchange, report_type = excluded.report_type, title = excluded.title, year = excluded.year, period = excluded.period, filing_date = excluded.filing_date, source = excluded.source, source_url = excluded.source_url, download_url = excluded.download_url;
insert into public.reports (id, company_id, market, symbol, company_name, exchange, report_type, title, year, period, filing_date, source, source_url, download_url) values ('meta-2024-10k', 'meta', 'US', 'META', 'Meta Platforms, Inc.', 'NASDAQ', '10-K', 'Meta Platforms, Inc. Form 10-K 2024', 2024, 'FY', '2025-01-31', 'SEC', 'https://www.sec.gov/edgar/browse/?CIK=META', null) on conflict (id) do update set company_id = excluded.company_id, market = excluded.market, symbol = excluded.symbol, company_name = excluded.company_name, exchange = excluded.exchange, report_type = excluded.report_type, title = excluded.title, year = excluded.year, period = excluded.period, filing_date = excluded.filing_date, source = excluded.source, source_url = excluded.source_url, download_url = excluded.download_url;

delete from public.recent_reports;

insert into public.recent_reports (report_id, rank)
select id, row_number() over (order by filing_date desc) as rank
from (
  select distinct on (company_id) id, company_id, filing_date
  from public.reports
  order by company_id, filing_date desc
) latest_by_company
order by filing_date desc
limit 6;

commit;
